doy,year,month,day,date,Tmin,Tmax,Tmean,dtRange,RHmin,RHmax,VPmax,RHsat.hrs,sommax,sommin,Kps.mean_hPa,Kppt_mm,Kwspd.mean_m.s,Kwspd.max_m.s
1,2012,1,1,2012-01-01,11.3948295454545,21.6249204545455,16.509875,10.2300909090909,83.6433181818182,92.6812727272727,1.92061895564649,5.54545454545455,16,15,997,0.6,2.99166666666667,5.6
2,2012,1,2,2012-01-02,14.9757386363636,19.0159772727273,16.9958579545455,4.04023863636364,52.3119886363636,99.7152613636364,1.93767389039068,19,15,14,995.5,11.6,2.50416666666667,5.4
3,2012,1,3,2012-01-03,14.7574090909091,23.1011818181818,18.9292954545455,8.34377272727273,52.6362840909091,98.7894659090909,1.7021660028949,15.6799242424242,7,7,997.2,0.2,2.27916666666667,4.7
4,2012,1,4,2012-01-04,10.7852954545455,23.3483068181818,17.0668011363636,12.5630113636364,39.6621022727273,94.0642840909091,1.79289651166289,4.65719696969697,11,11,998.2,0,2.30416666666667,3.1
5,2012,1,5,2012-01-05,13.7835,25.1292613636364,19.4563806818182,11.3457613636364,28.2092272727273,95.2617840909091,1.87231051954373,7.52651515151515,11,7,999.6,0,1.975,2.7
6,2012,1,6,2012-01-06,14.3602613636364,27.5925681818182,20.9764147727273,13.2323068181818,51.9517386363636,85.8816704545455,2.04369111009662,1.24242424242424,11,8,999.4,0,2.17083333333333,4.8
7,2012,1,7,2012-01-07,15.5905113636364,26.0350681818182,20.8127897727273,10.4445568181818,60.4217045454545,96.1481818181818,2.26363727305519,7.78787878787879,15,11,997.5,0,2.69166666666667,3.4
8,2012,1,8,2012-01-08,16.3423636363636,26.9461704545455,21.6442670454545,10.6038068181818,79.1984204545455,97.3757045454545,2.13594852568601,12.1799242424242,16,15,994,0,2.65833333333333,3.3
9,2012,1,9,2012-01-09,17.5000227272727,19.9966136363636,18.7483181818182,2.49659090909091,51.2511818181818,98.9513295454545,2.11526559180631,19.2992424242424,15,11,996.3,0,2.16666666666667,3
10,2012,1,10,2012-01-10,14.9382840909091,26.6827727272727,20.8105284090909,11.7444886363636,38.9631477272727,96.8084545454546,2.17234734245019,12.0643939393939,15,14,993.7,0,2.49583333333333,3.1
11,2012,1,11,2012-01-11,17.7185568181818,29.8844431818182,23.8015,12.1658863636364,66.6724545454545,88.3286022727273,1.9116904635415,1.98674242424242,16,16,991.2,0,1.5,2.1
12,2012,1,12,2012-01-12,13.9057045454545,21.5123636363636,17.7090340909091,7.60665909090909,78.9890568181818,97.86225,1.97559131737898,8.58901515151515,16,15,992.1,0,2.73333333333333,5.8
13,2012,1,13,2012-01-13,15.4251931818182,19.0355454545455,17.2303693181818,3.61035227272727,51.4600795454545,99.0404090909091,1.8334388999173,18.4867424242424,11,12,995.4,13.6,2.06666666666667,3.6
14,2012,1,14,2012-01-14,11.6466363636364,23.7541704545455,17.7004034090909,12.1075340909091,39.7406590909091,98.4036590909091,1.9833284069702,8.94886363636363,12,14,1000.4,0,2.05833333333333,3
15,2012,1,15,2012-01-15,15.0977386363636,28.0577386363636,21.5777386363636,12.96,30.2810454545455,93.66,2.25859498136084,4.05113636363636,12,12,997.1,0,2.50833333333333,3.1
16,2012,1,16,2012-01-16,18.8043409090909,36.41475,27.6095454545455,17.6104090909091,46.2871022727273,83.8566136363636,2.46866959730467,1.85416666666667,11,8,991,0,2.05833333333333,3.1
17,2012,1,17,2012-01-17,18.7675795454545,30.5548068181818,24.6611931818182,11.7872272727273,41.4053181818182,94.991125,2.54447574733162,9.20075757575758,12,12,991.3,0,2.1,3.1
18,2012,1,18,2012-01-18,19.590125,35.1500568181818,27.3700909090909,15.5599318181818,49.0079772727273,95.6467613636364,2.59398075453141,7.6780303030303,11,8,991,0,0.945833333333333,2.1
19,2012,1,19,2012-01-19,20.0528181818182,30.7698409090909,25.4113295454545,10.7170227272727,66.4048409090909,89.5162159090909,2.58184316420535,5.52651515151515,15,15,991.5,0,1.225,2.3
20,2012,1,20,2012-01-20,18.8985227272727,25.8452840909091,22.3719034090909,6.94676136363636,60.6371704545455,99.6379090909091,2.53940110871681,18.1439393939394,15,15,992.3,1.4,1.10833333333333,2.3
21,2012,1,21,2012-01-21,18.2798522727273,28.983125,23.6314886363636,10.7032727272727,64.6786818181818,98.1664204545455,2.18286870008367,12.2954545454545,11,15,991.4,0,1.55416666666667,2.4
22,2012,1,22,2012-01-22,16.8101931818182,23.7309886363636,20.2705909090909,6.92079545454545,83.3932954545455,98.0378068181818,2.14979642649088,8.19886363636364,7,8,992.1,0,2.25833333333333,5.3
23,2012,1,23,2012-01-23,13.4309318181818,19.6028863636364,16.5169090909091,6.17195454545455,64.3761590909091,99.8141477272727,2.11548486906371,19.2859848484849,11,7,996.8,7.4,1.12916666666667,2.8
24,2012,1,24,2012-01-24,15.4912840909091,22.6358409090909,19.0635625,7.14455681818182,54.4976477272727,99.4336477272727,1.88802341657929,17.8162878787879,11,11,999,2.4,1.88333333333333,3.2
25,2012,1,25,2012-01-25,13.4166363636364,25.3197159090909,19.3681761363636,11.9030795454545,54.0625340909091,96.1699659090909,1.91381231547891,7.77840909090909,11,11,995.4,0,2.31666666666667,3.1
26,2012,1,26,2012-01-26,14.5912272727273,24.6507045454545,19.6209659090909,10.0594772727273,48.5393068181818,93.0835681818182,2.05603742837238,6.92234848484848,11,11,996.2,0,2.4625,3.6
27,2012,1,27,2012-01-27,15.0262954545455,27.8028977272727,21.4145965909091,12.7766022727273,42.6993295454545,96.1014545454545,2.00119573203975,8.90909090909091,12,11,997.1,0,2.18333333333333,3
28,2012,1,28,2012-01-28,15.8556704545455,28.8500340909091,22.3528522727273,12.9943636363636,29.1022954545455,96.5519886363636,1.97831937630771,9.50378787878788,8,12,993.8,0,2.08333333333333,2.9
29,2012,1,29,2012-01-29,17.4996136363636,33.4306477272727,25.4651306818182,15.9310340909091,48.6654886363636,80.9989431818182,2.00343801083851,0.744318181818182,7,7,988.2,0,1.5,2.6
30,2012,1,30,2012-01-30,15.2213522727273,25.6480909090909,20.4347215909091,10.4267386363636,43.6860340909091,99.0175,1.98919965007884,9.22537878787879,8,7,992.2,0.2,1.62083333333333,3.2
31,2012,1,31,2012-01-31,14.7469431818182,27.904875,21.3259090909091,13.1579318181818,49.6725340909091,97.329125,1.7602191681585,9.37310606060606,12,8,992.6,0,1.59166666666667,2.6
32,2012,2,1,2012-02-01,13.9093295454545,23.7483977272727,18.8288636363636,9.83906818181818,75.5589318181818,94.4240568181818,1.81113058050838,7.66287878787879,13,14,996.3,0,2.28333333333333,3.3
33,2012,2,2,2012-02-02,13.841,18.5992840909091,16.2201420454545,4.75828409090909,62.1031363636364,95.8474318181818,1.88164129123434,11.0359848484849,4,6,998.3,0,2.60833333333333,3.3
34,2012,2,3,2012-02-03,14.7018522727273,23.7744090909091,19.2381306818182,9.07255681818182,40.3496022727273,96.6441931818182,1.86762190997557,13.5359848484848,10,10,998.2,0,2.56666666666667,3.2
35,2012,2,4,2012-02-04,15.4367045454545,30.8254886363636,23.1310965909091,15.3887840909091,24.3391363636364,93.6985340909091,1.73553444394031,5.56060606060606,9,9,996.4,0,2.11666666666667,3
36,2012,2,5,2012-02-05,18.2918636363636,36.2251704545455,27.2585170454545,17.9333068181818,25.8295227272727,76.5261704545455,2.00893437803246,0.293560606060606,5,5,991.8,0,1.725,2.8
37,2012,2,6,2012-02-06,21.4442840909091,36.0638863636364,28.7540852272727,14.6196022727273,50.1983522727273,67.5898409090909,2.15028253685368,0.0359848484848485,1,1,988.7,0.6,1.4,2.8
38,2012,2,7,2012-02-07,16.9185568181818,26.0042386363636,21.4613977272727,9.08568181818182,51.2809545454545,97.8483409090909,1.79089264134855,7.80113636363636,9,5,993.1,0,1.4875,4
39,2012,2,8,2012-02-08,13.2253522727273,24.4965454545455,18.8609488636364,11.2711931818182,56.2400909090909,94.6549090909091,1.74386669072361,7.01136363636364,13,9,995.5,0,2.16666666666667,3.1
40,2012,2,9,2012-02-09,14.8943409090909,22.9688522727273,18.9315965909091,8.07451136363636,51.3151931818182,96.0948295454545,1.47122588716135,10.2727272727273,1,9,994.5,0,2.62083333333333,3.7
41,2012,2,10,2012-02-10,11.2207159090909,19.2507045454545,15.2357102272727,8.02998863636364,63.0504318181818,95.7266818181818,1.68162674826594,4.62121212121212,14,14,994.4,0,2.81666666666667,4.7
42,2012,2,11,2012-02-11,11.3233409090909,20.0455,15.6844204545455,8.72215909090909,57.4420681818182,99.1346931818182,1.68929079608223,10.1268939393939,16,14,995.1,5.4,2.05416666666667,4
43,2012,2,12,2012-02-12,12.0642613636364,21.6011704545455,16.8327159090909,9.53690909090909,52.2203863636364,98.2971363636364,1.59424754134725,15.4318181818182,9,9,995.8,0.2,3.1375,6.2
44,2012,2,13,2012-02-13,11.1645681818182,22.8174772727273,16.9910227272727,11.6529090909091,53.2832954545455,96.0550909090909,1.64783003657664,8.27462121212121,5,5,995.7,0,2.03333333333333,2.8
45,2012,2,14,2012-02-14,13.5087840909091,22.8551818181818,18.1819829545455,9.34639772727273,46.3239204545455,94.1979886363636,1.53968390572863,8.05303030303031,5,5,995.9,0,1.875,2.7
46,2012,2,15,2012-02-15,11.8425681818182,23.8510568181818,17.8468125,12.0084886363636,48.2756022727273,92.2650795454545,1.6454131601249,5.30303030303031,10,5,996.8,0,2.175,2.7
47,2012,2,16,2012-02-16,12.4257045454545,23.8358863636364,18.1307954545455,11.4101818181818,53.464875,93.7238181818182,1.77991391220088,6.39772727272727,14,13,995.2,0,2.14583333333333,2.9
48,2012,2,17,2012-02-17,13.9120795454545,23.3048295454545,18.6084545454545,9.39275,48.4134204545455,93.1366590909091,1.93569936902806,6.76515151515151,9,13,995.8,0,2.55416666666667,3.3
49,2012,2,18,2012-02-18,14.6106704545455,26.735875,20.6732727272727,12.1252045454545,27.5165227272727,95.4495909090909,1.91251043515999,8.12310606060606,6,5,994.5,0,2.34583333333333,2.9
50,2012,2,19,2012-02-19,16.1437954545455,32.8548863636364,24.4993409090909,16.7110909090909,64.3393409090909,91.8452272727273,2.13445180813934,4.11174242424242,6,5,990.7,0,1.96666666666667,2.8
51,2012,2,20,2012-02-20,14.1117840909091,21.9894772727273,18.0506306818182,7.87769318181818,59.4772386363636,98.7718636363636,1.97723200573575,9.54166666666667,4,6,995.4,2.6,1.35416666666667,3.1
52,2012,2,21,2012-02-21,12.3625227272727,24.6914090909091,18.5269659090909,12.3288863636364,83.8166931818182,98.6088068181818,1.96364232243065,11.3768939393939,9,5,995.6,0,2.70833333333333,5.3
53,2012,2,22,2012-02-22,15.0461590909091,18.0709090909091,16.5585340909091,3.02475,43.7737386363636,99.4897159090909,1.83289567038661,15.2234848484848,9,9,992.4,13.6,2.89166666666667,5.6
54,2012,2,23,2012-02-23,12.3374545454545,23.8048977272727,18.0711761363636,11.4674431818182,37.1273068181818,99.6216477272727,1.71244043966851,14.2083333333333,13,13,996.4,0,1.79583333333333,2.5
55,2012,2,24,2012-02-24,13.135875,25.5619659090909,19.3489204545455,12.4260909090909,42.8679659090909,92.2981022727273,1.88017619248344,5.57954545454546,16,16,993.9,0,1.94583333333333,2.6
56,2012,2,25,2012-02-25,14.3621022727273,25.626875,19.9944886363636,11.2647727272727,46.0152159090909,93.5978863636364,2.01186767955518,7.34659090909091,16,16,995.1,0,1.59583333333333,2.4
57,2012,2,26,2012-02-26,14.7256818181818,26.2686818181818,20.4971818181818,11.543,35.01675,97.471125,2.03072555546525,10.8598484848485,4,8,995.3,0,2.0375,3.1
58,2012,2,27,2012-02-27,13.8160681818182,29.4693522727273,21.6427102272727,15.6532840909091,59.5447727272727,95.087,2.00351953545849,6.72348484848485,5,1,993,0,1.59166666666667,2.5
59,2012,2,28,2012-02-28,13.7228068181818,23.5065681818182,18.6146875,9.78376136363636,49.1255681818182,97.8769090909091,1.60546679311311,8.40530303030303,13,9,994.5,1.4,2.11666666666667,3.5
60,2012,2,29,2012-02-29,12.1063863636364,21.9804090909091,17.0433977272727,9.87402272727273,29.5875340909091,98.9519659090909,1.77152667164386,10.9545454545454,14,13,996.9,0,2.45416666666667,3.3
61,2012,3,1,2012-03-01,12.6951363636364,25.5203636363636,19.10775,12.8252272727273,27.5869659090909,92.5407386363636,1.93773807262619,2.23863636363636,5,1,995,0,1.75416666666667,2.5
62,2012,3,2,2012-03-02,14.6678181818182,32.6054204545455,23.6366193181818,17.9376022727273,57.5775340909091,85.0343977272727,2.01516697991193,3.29924242424243,9,5,993.6,0,1.77916666666667,2.9
63,2012,3,3,2012-03-03,15.8290568181818,24.0799204545455,19.9544886363636,8.25086363636364,55.7319772727273,96.9994204545455,1.70776969906393,6.3125,2,2,992.3,0,2.35,6.3
64,2012,3,4,2012-03-04,13.8456022727273,21.4800340909091,17.6628181818182,7.63443181818182,46.8381363636364,99.5240795454545,1.45356457001836,12.657196969697,14,13,997.4,5.8,2.47916666666667,4.5
65,2012,3,5,2012-03-05,11.72625,20.6678068181818,16.1970284090909,8.94155681818182,36.0731022727273,86.1003181818182,1.65096944044987,1.49810606060606,13,13,1001.1,0,2.1,3.1
66,2012,3,6,2012-03-06,12.8475681818182,27.340375,20.0939715909091,14.4928068181818,45.38425,90.7731363636364,1.86313142194296,4.14204545454545,9,9,997.2,0,2.03333333333333,2.7
67,2012,3,7,2012-03-07,15.4314431818182,25.1640454545455,20.2977443181818,9.73260227272727,52.2849090909091,92.6666477272727,1.97409727767945,5.89583333333333,9,9,995.7,0,2.26666666666667,3.6
68,2012,3,8,2012-03-08,15.0394659090909,26.1543636363636,20.5969147727273,11.1148977272727,60.8359545454545,93.7566022727273,2.01275959519745,6.89015151515151,13,13,994.6,0,2.22916666666667,3.4
69,2012,3,9,2012-03-09,16.3535454545455,24.6234886363636,20.4885170454545,8.26994318181818,62.6899318181818,97.8812045454546,2.1023109731755,13.5151515151515,13,13,999.6,0,1.80416666666667,2.6
70,2012,3,10,2012-03-10,15.4980909090909,22.9018068181818,19.1999488636364,7.40371590909091,35.0472613636364,94.6149090909091,1.90271273172537,11.2310606060606,5,5,1002.6,0,2.575,3.6
71,2012,3,11,2012-03-11,17.3932727272727,33.9383295454545,25.6658011363636,16.5450568181818,32.7039659090909,94.7967159090909,2.21942561841519,6.06818181818182,1,1,997.1,0,1.91666666666667,3
72,2012,3,12,2012-03-12,21.2350909090909,31.7406704545455,26.4878806818182,10.5055795454545,56.1153409090909,67.4299659090909,2.26926207177889,0.0984848484848485,1,1,993.7,0,1.9,2.9
73,2012,3,13,2012-03-13,17.2346363636364,23.9245568181818,20.5795965909091,6.68992045454545,44.1525113636364,97.1782727272727,2.1294667482203,14.1727855477855,9,5,995.9,0,2.30833333333333,3.1
74,2012,3,14,2012-03-14,16.0435227272727,30.6288977272727,23.3362102272727,14.585375,58.7546590909091,96.1560681818182,2.25439407137116,10.1041666666667,9,9,994.3,0,0.966666666666667,2.6
75,2012,3,15,2012-03-15,16.9666022727273,26.1153863636364,21.5409943181818,9.14878409090909,75.8492386363636,95.2667613636364,2.00439063136195,7.375,9,5,995.1,0,1.14583333333333,2
76,2012,3,16,2012-03-16,14.2043295454545,19.0184545454545,16.6113920454545,4.814125,51.4155568181818,99.1152727272727,1.50356247393178,19.1496212121212,14,13,997.1,9.4,1.62083333333333,2.7
77,2012,3,17,2012-03-17,11.0441022727273,20.7088295454545,15.8764659090909,9.66472727272727,51.2280909090909,98.5523068181818,1.78020481649887,9.34090909090909,16,16,1000.4,0.4,1.99166666666667,2.6
78,2012,3,18,2012-03-18,10.1487840909091,21.7426136363636,15.9456988636364,11.5938295454545,64.6658977272727,91.9973636363636,2.10764475538212,5.23295454545454,4,4,1000.1,0,2.55,4.9
79,2012,3,19,2012-03-19,14.5028409090909,23.4505909090909,18.9767159090909,8.94775,40.3970568181818,99.4714318181818,2.03268760335681,12.9791666666667,1,1,1000.1,0,1.575,3.8
80,2012,3,20,2012-03-20,15.0195227272727,28.8714204545455,21.9454715909091,13.8518977272727,53.8750454545455,98.0210340909091,1.9710798518933,12.2594696969697,5,9,996,0,1.58333333333333,2.3
81,2012,3,21,2012-03-21,14.5478636363636,24.6782386363636,19.6130511363636,10.130375,63.080625,97.7833295454545,1.79770955449283,10.1666666666667,2,1,997.1,0,1.77916666666667,3.3
82,2012,3,22,2012-03-22,14.2875568181818,21.8387045454545,18.0631306818182,7.55114772727273,75.8736022727273,96.0526477272727,1.92985550247182,11.3371212121212,2,1,998.1,0,2.225,3
83,2012,3,23,2012-03-23,14.9880113636364,20.0918068181818,17.5399090909091,5.10379545454545,65.6903295454545,97.164875,1.95873831510995,14.8977272727273,5,5,999.1,0,2.54583333333333,3.8
84,2012,3,24,2012-03-24,15.4301818181818,23.9885568181818,19.7093693181818,8.558375,56.4429431818182,96.8914659090909,2.03191829856571,12.4356060606061,6,5,997.8,0,2.85,3.2
85,2012,3,25,2012-03-25,15.7513977272727,24.7053068181818,20.2283522727273,8.95390909090909,45.4417954545455,95.3930795454545,2.06547529351645,9.59280303030303,9,9,996.1,0,2.2375,3.1
86,2012,3,26,2012-03-26,14.3190909090909,28.423375,21.3712329545455,14.1042840909091,57.6281704545455,95.0175340909091,1.91380872244965,9.08712121212121,1,1,994.2,0,1.63333333333333,2.6
87,2012,3,27,2012-03-27,13.2379886363636,22.3320454545455,17.7850170454545,9.09405681818182,48.8696477272727,98.1375795454545,1.93896582475483,12.2859848484848,1,1,995.8,0,1.675,2.8
88,2012,3,28,2012-03-28,14.8188636363636,26.7410795454545,20.7799715909091,11.9222159090909,63.9735681818182,97.3207613636364,1.75527865401243,8.3314393939394,2,1,993,0,2.36666666666667,4
89,2012,3,29,2012-03-29,12.8389090909091,19.2991477272727,16.0690284090909,6.46023863636364,82.1078522727273,97.5847272727273,1.63254818292655,12.7518939393939,1,1,991.6,30,1.88333333333333,4.4
90,2012,3,30,2012-03-30,10.8589431818182,15.3153636363636,13.0871534090909,4.45642045454545,56.8309772727273,99.7288522727273,1.40964833578072,22.2310606060606,6,5,997.5,8.4,1.99166666666667,3
91,2012,3,31,2012-03-31,9.72814772727273,19.0152727272727,14.3717102272727,9.287125,53.4701704545455,97.5188295454546,1.57697846990746,12.8560606060606,16,9,1005.3,0,2.02916666666667,2.6
92,2012,4,1,2012-04-01,10.1193522727273,22.0067613636364,16.0630568181818,11.8874090909091,42.0822045454545,94.3978181818182,1.7553474317251,6.94128787878788,13,13,1005.5,0,2.0125,2.7
93,2012,4,2,2012-04-02,11.9252045454545,25.1748863636364,18.5500454545455,13.2496818181818,35.9930340909091,95.6880454545455,1.86218132726437,7.6344696969697,2,2,1002.9,0,1.675,2.5
94,2012,4,3,2012-04-03,13.1665909090909,26.6395454545455,19.9030681818182,13.4729545454545,69.3812840909091,93.7280113636364,1.7304473891341,6.53977272727273,5,5,1000.5,0,1.625,2.7
95,2012,4,4,2012-04-04,13.8274659090909,18.8695909090909,16.3485284090909,5.042125,38.7359545454545,95.8179545454545,1.62329014146965,13.0113636363636,1,5,1001.7,0,2.57083333333333,3.1
96,2012,4,5,2012-04-05,13.0089886363636,28.9443295454545,20.9766590909091,15.9353409090909,41.5442159090909,96.8473636363636,1.75499483474147,10.4640151515152,1,1,996.4,0,2.14583333333333,3.2
97,2012,4,6,2012-04-06,15.7345340909091,22.1707386363636,18.9526363636364,6.43620454545455,82.308375,91.5836136363636,1.56464260865515,2.33333333333333,2,1,991.2,0.6,3.17083333333333,5.2
98,2012,4,7,2012-04-07,9.76310227272727,14.2661931818182,12.0146477272727,4.50309090909091,85.6268068181818,99.3604545454545,1.36439960431064,18.6931818181818,2,1,990.6,49.6,2.45,4.8
99,2012,4,8,2012-04-08,8.09889772727273,12.6316704545455,10.3652840909091,4.53277272727273,66.8963181818182,99.245375,1.46816708176546,20.1988636363636,5,5,995.3,18.8,2.24583333333333,3.4
100,2012,4,9,2012-04-09,8.11430681818182,17.8825795454545,12.9984431818182,9.76827272727273,65.6092840909091,98.8874431818182,1.63887452966523,15.6837121212121,4,5,1003,0.2,1.55,2.5
101,2012,4,10,2012-04-10,10.0874090909091,19.3818636363636,14.7346363636364,9.29445454545455,42.8879659090909,98.9565,1.64122489903097,11.469696969697,9,13,1003.3,0,1.65,3.1
102,2012,4,11,2012-04-11,11.9079886363636,23.3772386363636,17.6426136363636,11.46925,25.1760113636364,97.9455,1.47247332343737,12.5833333333333,14,13,1001.5,0,1.92916666666667,2.8
103,2012,4,12,2012-04-12,13.7459204545455,31.0874886363636,22.4167045454545,17.3415681818182,17.5865568181818,85.5169090909091,1.40753066538152,1.65909090909091,16,13,998.1,0,2.05,2.9
104,2012,4,13,2012-04-13,20.3025909090909,32.8409772727273,26.5717840909091,12.5383863636364,51.6038863636364,45.4878863636364,1.71691770784634,0.0227272727272727,14,13,993.2,0,2.8125,6.1
105,2012,4,14,2012-04-14,13.5737386363636,19.8471022727273,16.7104204545455,6.27336363636364,72.2492727272727,98.3636136363636,1.62938534800356,4.1344696969697,13,13,991.5,1.6,2.46666666666667,4.4
106,2012,4,15,2012-04-15,10.3978295454545,15.8807159090909,13.1392727272727,5.48288636363636,55.5729318181818,99.1270340909091,1.38962373638994,15.9621212121212,9,9,999.1,8.8,2.00833333333333,2.8
107,2012,4,16,2012-04-16,8.69544318181818,19.1915681818182,13.9435056818182,10.496125,63.0685340909091,94.2138181818182,1.46614512156228,6.94886363636364,13,13,1001.4,0,2.17083333333333,2.9
108,2012,4,17,2012-04-17,11.3308068181818,17.4819886363636,14.4063977272727,6.15118181818182,51.1836590909091,95.4296818181818,1.52946596627234,10.5,13,13,1003.2,0,2.56666666666667,3
109,2012,4,18,2012-04-18,11.683125,20.54625,16.1146875,8.863125,42.5741704545455,92.7679886363636,1.59917006512531,6.0530303030303,4,5,1003.5,0,2.3625,3.3
110,2012,4,19,2012-04-19,12.2223181818182,25.0455,18.6339090909091,12.8231818181818,48.7715340909091,91.7051704545455,1.71305307913236,7.32386363636364,1,1,998.7,0,1.35416666666667,2.3
111,2012,4,20,2012-04-20,14.0098181818182,24.8067840909091,19.4083011363636,10.7969659090909,66.7362045454545,83.6202272727273,1.75345373312365,5.95833333333333,2,2,996.4,0,1.6,2.7
112,2012,4,21,2012-04-21,12.0619545454545,19.7821363636364,15.9220454545455,7.72018181818182,56.6028522727273,98.5578181818182,1.266979153688,14.1041666666667,4,1,998.9,0.6,1.45416666666667,2.1
113,2012,4,22,2012-04-22,10.0044545454545,16.1835454545455,13.094,6.17909090909091,60.7752045454545,98.9174659090909,1.22386194235674,9.27651515151515,1,1,1005.6,0.2,1.775,2.9
114,2012,4,23,2012-04-23,9.220375,16.0379659090909,12.6291704545455,6.81759090909091,28.9125454545455,90.6665568181818,1.05945773802269,4.16666666666667,1,1,1006.8,0,2.06666666666667,3.4
115,2012,4,24,2012-04-24,9.43003409090909,21.2317840909091,15.3309090909091,11.80175,21.8717727272727,88.9221477272727,1.32436410135971,2.63825757575758,5,1,1003.7,0,2.44583333333333,3.2
116,2012,4,25,2012-04-25,13.0334659090909,25.4707159090909,19.2520909090909,12.43725,49.2346363636364,61.0415113636364,1.5259233055622,0.145833333333334,9,5,997.7,0.2,1.82083333333333,2.7
117,2012,4,26,2012-04-26,12.5134659090909,20.6574431818182,16.5854545454545,8.14397727272727,80.0261022727273,96.4467840909091,1.61491605262557,1.8030303030303,13,13,995.5,8.4,1.625,4.6
118,2012,4,27,2012-04-27,11.22575,16.1837954545455,13.7047727272727,4.95804545454545,88.7258863636364,99.8229318181818,1.61206384292949,22.1458333333333,13,13,997,1.2,1.53333333333333,3
119,2012,4,28,2012-04-28,11.1825568181818,15.5684886363636,13.3755227272727,4.38593181818182,41.0242613636364,99.5048977272727,1.59005593248131,20.9147727272727,4,9,995.8,2.4,2.39583333333333,5.2
120,2012,4,29,2012-04-29,11.9047386363636,16.8357045454545,14.3702215909091,4.93096590909091,81.7644431818182,99.7198636363636,1.53341443911191,19.1912878787879,5,5,993.1,7,3.57916666666667,6.4
121,2012,4,30,2012-04-30,11.8580568181818,14.4276477272727,13.1428522727273,2.56959090909091,65.2428181818182,99.3340909090909,1.66423009009953,13.3901515151515,5,5,990.5,35.2,2.52083333333333,4.3
122,2012,5,1,2012-05-01,10.1507954545455,17.1998977272727,13.6753465909091,7.04910227272727,66.9278181818182,99.890875,1.49450747650532,21.0568181818182,4,1,999.5,0,1.96666666666667,2.7
123,2012,5,2,2012-05-02,9.03869318181818,15.0405227272727,12.0396079545455,6.00182954545455,85.5275909090909,93.7488977272727,1.40282293715663,6.41666666666667,13,13,994.1,0.8,3.00416666666667,5.1
124,2012,5,3,2012-05-03,10.5723181818182,12.2061931818182,11.3892556818182,1.633875,80.9377954545455,99.7314545454545,1.38186247926182,20.6893939393939,10,9,994.9,49.4,1.75833333333333,3
125,2012,5,4,2012-05-04,8.65606818181818,14.2868863636364,11.4714772727273,5.63081818181818,66.4292727272727,99.3781363636364,1.5029287831049,18.0227272727273,5,9,999.7,1.6,1.69583333333333,2.8
126,2012,5,5,2012-05-05,9.71463636363636,17.4194431818182,13.5670397727273,7.70480681818182,47.2757045454545,99.2699886363636,1.4956034659359,17.4109848484849,9,5,1003.9,3.2,1.52083333333333,2.8
127,2012,5,6,2012-05-06,8.84055681818182,19.5538181818182,14.1971875,10.7132613636364,34.0034431818182,96.7527386363636,1.36834717246265,9.16098484848485,14,13,1005.2,0.2,1.80833333333333,2.7
128,2012,5,7,2012-05-07,10.9726136363636,24.2173522727273,17.5949829545455,13.2447386363636,24.6923522727273,96.6044204545454,1.43619731891494,8.60227272727273,10,9,1001.9,0,1.90833333333333,2.8
129,2012,5,8,2012-05-08,15.0333068181818,25.6153068181818,20.3243068181818,10.582,34.0725113636364,69.3797386363636,1.50547364977687,0.937500000000001,16,14,995.4,0,1.47916666666667,3.1
130,2012,5,9,2012-05-09,10.5343636363636,19.8170340909091,15.1756988636364,9.28267045454546,63.8962840909091,89.6811477272727,1.641141174319,5.83901515151515,4,16,995.9,0,0.9625,2.4
131,2012,5,10,2012-05-10,10.5336931818182,18.0704772727273,14.3020852272727,7.53678409090909,37.5591704545455,98.3635340909091,1.58375142499885,10.8200757575758,5,5,1002.5,0,1.38333333333333,2.8
132,2012,5,11,2012-05-11,10.2322613636364,22.4314886363636,16.331875,12.1992272727273,48.2349659090909,97.8519659090909,1.62087518001354,10.6344696969697,5,5,1001.6,0.2,1.74166666666667,2.6
133,2012,5,12,2012-05-12,10.0220340909091,19.3427272727273,14.6823806818182,9.32069318181818,60.6097159090909,92.8054090909091,1.48332098223991,4.83143939393939,9,5,999.8,0,1.57916666666667,2.7
134,2012,5,13,2012-05-13,8.60676136363636,17.7519659090909,13.1793636363636,9.14520454545455,68.4644772727273,98.1839090909091,1.45631579881675,13.6344696969697,9,9,998.4,14.4,1.9125,3
135,2012,5,14,2012-05-14,10.3484431818182,15.0095227272727,12.6789829545455,4.66107954545455,54.9288068181818,99.7362159090909,1.40572868443058,20.3087121212121,4,4,1004.1,0.8,1.9125,2.6
136,2012,5,15,2012-05-15,7.62568181818182,19.623,13.6243409090909,11.9973181818182,40.7632840909091,96.0967045454545,1.40866484508766,8.59659090909091,2,2,1005.1,0,1.79583333333333,2.6
137,2012,5,16,2012-05-16,10.8476704545455,22.0008068181818,16.4242386363636,11.1531363636364,55.481625,82.0629772727273,1.45842579293,1.90340909090909,13,5,1001.1,0,1.65416666666667,2.8
138,2012,5,17,2012-05-17,9.58651136363636,14.68525,12.1358806818182,5.09873863636364,77.2085454545455,98.4053295454545,1.2160201000435,7.4469696969697,14,13,995.6,12,2.4625,5
139,2012,5,18,2012-05-18,7.85977272727273,11.4864659090909,9.67311931818182,3.62669318181818,73.1549886363636,99.6113068181818,1.24619529880291,17.5284090909091,14,14,1000.1,11.2,2.10833333333333,3.1
140,2012,5,19,2012-05-19,5.51382954545455,13.1980681818182,9.35594886363636,7.68423863636364,78.8630227272727,98.4176136363636,1.41310531709217,14.7518939393939,13,13,1004.2,3.2,1.6625,2.9
141,2012,5,20,2012-05-20,7.77963636363636,13.9630681818182,10.8713522727273,6.18343181818182,41.83425,99.5835340909091,1.37818480861407,19.3996212121212,13,13,1006.4,2,1.10833333333333,2.8
142,2012,5,21,2012-05-21,7.40521590909091,16.5141022727273,11.9596590909091,9.10888636363636,22.7433409090909,98.9899318181818,0.887195643302061,15.9791666666667,13,13,1005.7,0.2,1.7625,2.5
143,2012,5,22,2012-05-22,8.31104545454545,21.0586136363636,14.6848295454545,12.7475681818182,35.8976931818182,90.6098181818182,1.23783179811783,2.75,13,13,995.4,0,1.925,2.8
144,2012,5,23,2012-05-23,9.86379545454546,14.571875,12.2178352272727,4.70807954545455,63.6145909090909,91.3324431818182,1.44038811453472,2.71022727272727,9,5,993.9,0,2.42083333333333,6.3
145,2012,5,24,2012-05-24,10.6491477272727,18.3653522727273,14.50725,7.71620454545455,92.3930909090909,96.2496704545455,1.44500169081309,10.4261363636364,13,9,997.1,1,2.5375,4.5
146,2012,5,25,2012-05-25,10.5540340909091,12.5164545454545,11.5352443181818,1.96242045454545,86.0580568181818,99.8018181818182,1.50944242715641,17.2045454545455,14,13,998,39.8,1.8125,3.4
147,2012,5,26,2012-05-26,10.0837159090909,14.8771931818182,12.4804545454545,4.79347727272727,54.9055340909091,99.6885681818182,1.4754341206149,22.1969696969697,13,13,1007.2,4.8,1.24583333333333,2.6
148,2012,5,27,2012-05-27,7.76229545454545,17.1186022727273,12.4404488636364,9.35630681818182,42.4279318181818,98.7977840909091,1.42597553530156,15.6685606060606,4,9,1007.2,0,2.1375,2.7
149,2012,5,28,2012-05-28,9.818625,19.1866931818182,14.5026590909091,9.36806818181818,79.6261704545455,89.6501363636364,1.42192414080601,3.22727272727273,2,1,999.9,0.2,1.96666666666667,3
150,2012,5,29,2012-05-29,8.44007954545454,12.4833409090909,10.4617102272727,4.04326136363636,74.0041136363636,99.866875,1.45659358823003,18.6515151515152,6,5,1003.3,14.6,1.66666666666667,2.8
151,2012,5,30,2012-05-30,8.23207954545455,15.6941590909091,11.9631193181818,7.46207954545455,64.5452386363636,98.2874545454546,1.43521962511926,13.3011363636364,13,13,1010.6,0,1.24166666666667,2.8
152,2012,5,31,2012-05-31,8.32432954545455,16.9487272727273,12.6365284090909,8.62439772727273,69.9236931818182,98.5606136363636,1.49235057040371,14.0700757575758,13,13,1009.2,0,1.99166666666667,2.8
153,2012,6,1,2012-06-01,8.41634090909091,17.0992613636364,12.7578011363636,8.68292045454545,80.6985795454545,96.5250681818182,1.700338011677,13.5246212121212,5,5,1009.5,0,1.93333333333333,2.8
154,2012,6,2,2012-06-02,11.2573181818182,16.6013863636364,13.9293522727273,5.34406818181818,46.323625,99.7390681818182,1.73684207877439,19.6628787878788,5,9,1011.3,0,1.38333333333333,2
155,2012,6,3,2012-06-03,11.3368409090909,22.0854090909091,16.711125,10.7485681818182,33.8811136363636,98.4995,1.49825897180793,14.125,12,12,1008.9,0,1.3,2.6
156,2012,6,4,2012-06-04,11.947,24.0607727272727,18.0038863636364,12.1137727272727,78.9654772727273,88.5603636363636,1.45194969967255,6.08712121212121,12,13,1000.2,0,1.75416666666667,3.5
157,2012,6,5,2012-06-05,10.8890454545455,13.2040681818182,12.0465568181818,2.31502272727273,79.0104545454546,99.7128977272727,1.26250622998727,11.7348484848485,4,4,998.7,6.2,1.77916666666667,2.8
158,2012,6,6,2012-06-06,5.42890909090909,12.5074772727273,8.96819318181818,7.07856818181818,92.5567727272727,99.6455795454546,1.36582365324875,18.6344696969697,8,4,1004,0.4,1.3375,2.4
159,2012,6,7,2012-06-07,7.44257954545455,12.069625,9.75610227272727,4.62704545454545,88.0483068181818,99.6735795454545,1.2937176693364,19.0984848484848,12,12,989.7,92.6,2.42916666666667,3.3
160,2012,6,8,2012-06-08,7.55170454545455,10.8988977272727,9.22530113636364,3.34719318181818,72.0530681818182,99.8378977272727,1.17883078924203,23.2670454545455,10,9,992.9,8,3.075,4.4
161,2012,6,9,2012-06-09,6.68884705882353,12.7048636363636,9.54976470588235,5.72183529411765,56.9479545454545,98.1289058823529,1.15605346657047,15.8470588235294,13,13,1006.3,1.8,1.80833333333333,2.5
162,2012,6,10,2012-06-10,6.15856818181818,14.6818522727273,10.2402411764706,8.52328409090909,46.8206931818182,94.7867386363636,1.21487111436852,10.3532925407925,4,1,1012.2,0,1.925,2.4
163,2012,6,11,2012-06-11,5.44136363636364,16.0659659090909,10.745125,10.6246022727273,79.4151363636364,93.5117386363636,1.38451603168724,5.89721786833856,2,1,1006.9,0,1.925,2.5
164,2012,6,12,2012-06-12,7.68340909090909,14.6624772727273,11.4243125,6.97906818181818,57.7501136363636,99.3252954545455,1.24759913747525,11.2916666666667,2,1,1005.9,0.6,1.67083333333333,2.5
165,2012,6,13,2012-06-13,7.61132954545455,14.8155681818182,11.1838863636364,7.20423863636364,38.0867045454545,98.5998295454545,1.1425184643954,15.467803030303,2,1,1004.6,0,2.21666666666667,2.9
166,2012,6,14,2012-06-14,8.60705681818182,20.5776590909091,14.5636306818182,11.9706022727273,38.6617954545455,89.7548295454545,1.30466929105198,3.76893939393939,5,5,998,0,2.14166666666667,3
167,2012,6,15,2012-06-15,10.4833636363636,19.2943636363636,14.8869715909091,8.811,42.7208409090909,69.1289545454545,1.36236290672127,1.31818181818182,10,9,996.9,0,1.48333333333333,2.5
168,2012,6,16,2012-06-16,9.95744318181818,20.3666590909091,15.0682897727273,10.4092159090909,73.8892727272727,93.3998409090909,1.29788182087185,3.59659090909091,16,13,996,0,1.87083333333333,2.9
169,2012,6,17,2012-06-17,7.7345,13.6987045454545,10.7426022727273,5.96420454545455,76.2961818181818,98.668375,1.23721961217443,13.0189393939394,16,16,998.8,0.2,0.395833333333333,1.5
170,2012,6,18,2012-06-18,8.31153409090909,12.4264886363636,10.4745397727273,4.11495454545455,71.9643181818182,99.8243181818182,1.27928133071979,19.0075757575758,9,9,1009.2,1.6,1.475,2.4
171,2012,6,19,2012-06-19,6.81038636363636,14.4386477272727,10.6288579545455,7.62826136363636,69.5311704545455,98.2338068181818,1.31195527890481,13.6969696969697,9,9,1008.5,0,1.7875,2.8
172,2012,6,20,2012-06-20,8.056625,13.6818295454545,10.8557556818182,5.62520454545455,57.0765909090909,98.1511590909091,1.35188481818272,15.9943181818182,2,2,1006.8,0,2.6,3.4
173,2012,6,21,2012-06-21,8.73520454545455,18.1347045454545,13.4617443181818,9.3995,73.5326363636364,94.8231477272727,1.46489403288721,6.7594696969697,2,1,999.4,1.2,1.6875,2.9
174,2012,6,22,2012-06-22,10.3612159090909,15.5066704545455,12.8983579545455,5.14545454545455,82.5590681818182,96.8117159090909,1.36596012375542,6.6780303030303,6,1,997.5,2.6,0.495833333333333,2.2
175,2012,6,23,2012-06-23,9.59492045454545,13.5613295454545,11.5388409090909,3.96640909090909,94.2340227272727,99.8077159090909,1.3975065926004,21.1022727272727,6,5,999.6,0.6,2.0875,5
176,2012,6,24,2012-06-24,8.11070454545455,12.28225,10.2858068181818,4.17154545454545,82.0978068181818,99.7365227272727,1.29716925851418,21.7386363636364,12,9,997.4,31.4,2.05416666666667,4.6
177,2012,6,25,2012-06-25,8.37731818181818,12.7947045454545,10.5365852272727,4.41738636363636,88.4498295454545,99.9138636363636,1.36313357558838,21.5,15,13,998.9,0.4,1.5375,2.8
178,2012,6,26,2012-06-26,8.72707954545455,11.8758863636364,10.3105,3.14880681818182,71.9272386363636,99.7090454545455,1.348760078162,14.7537878787879,14,14,996.5,39.6,2.46666666666667,3.4
179,2012,6,27,2012-06-27,7.30278409090909,13.8103181818182,10.5273579545455,6.50753409090909,53.5796022727273,99.6808863636364,1.26553864595574,20.1704545454545,16,14,1006.3,1.2,1.86666666666667,3.4
180,2012,6,28,2012-06-28,5.70913636363636,16.2432045454545,10.9813125,10.5340681818182,88.2770568181818,96.7959772727273,1.32672139400171,9.40719696969697,11,9,1000.2,4.4,2.48333333333333,5.6
181,2012,6,29,2012-06-29,7.90297727272727,12.3255113636364,10.1922329545455,4.42253409090909,91.3758863636364,99.4659545454546,1.36127115628554,18.8200757575758,16,14,1000.8,5.2,3.0625,4.2
182,2012,6,30,2012-06-30,10.2787272727273,12.3338295454545,11.3334715909091,2.05510227272727,82.1164431818182,99.5482386363636,1.35525512048772,21.4905303030303,15,13,1002,8.4,1.89166666666667,3.9
183,2012,7,1,2012-07-01,8.85414772727273,14.1343863636364,11.5042102272727,5.28023863636364,84.9732840909091,99.2220568181818,1.46962537204209,19.1401515151515,10,9,999.3,0,0.933333333333333,2.1
184,2012,7,2,2012-07-02,9.78143181818182,14.1315909090909,11.8994829545455,4.35015909090909,84.7098636363636,99.6442727272727,1.42282246528279,18.8598484848485,4,4,1001.1,1.4,1.425,3.3
185,2012,7,3,2012-07-03,7.58801136363636,13.9726363636364,10.7794318181818,6.384625,67.9325454545454,99.2331477272727,1.13685099025233,18.532196969697,10,10,995.9,2.8,2.20416666666667,4.1
186,2012,7,4,2012-07-04,6.20165909090909,11.8914204545455,9.0011875,5.68976136363636,62.8513522727273,99.8287727272727,1.0525171188537,17.9943181818182,3,6,1001.3,27.4,2.25416666666667,3.6
187,2012,7,5,2012-07-05,3.86804545454545,12.7875568181818,8.33536931818182,8.91951136363636,80.7675909090909,93.8156704545455,1.15988466890624,7.1780303030303,3,2,996.7,0,1.725,2.6
188,2012,7,6,2012-07-06,7.00640909090909,11.2285681818182,9.1665625,4.22215909090909,69.6405,97.4306704545454,1.17235825464956,12.0340909090909,3,3,994.5,41.4,2.25,3.6
189,2012,7,7,2012-07-07,6.26025,11.7444090909091,9.04323863636364,5.48415909090909,91.8274886363636,99.8311590909091,1.35959867376771,20.3484848484849,3,3,1003.4,4.8,1.64166666666667,2.8
190,2012,7,8,2012-07-08,7.28776136363636,12.0845113636364,9.74590340909091,4.79675,92.8406818181818,99.6114772727273,1.36394160713109,16.3598484848485,NA,NA,1007.3,84.8,2.00416666666667,4.1
191,2012,7,9,2012-07-09,9.72978409090909,12.3683636363636,10.9887215909091,2.63857954545455,88.2820227272727,99.8602954545455,1.35974750319963,22.4450757575758,3,3,1005.1,17.4,2.575,3.6
192,2012,7,10,2012-07-10,9.79126136363636,12.7564659090909,11.2397954545455,2.96520454545455,72.1868977272727,99.3202727272727,1.20953134141752,20.6875,16,13,1001.5,12.4,3.05833333333333,4.9
193,2012,7,11,2012-07-11,7.87478409090909,12.4077613636364,10.0742102272727,4.53297727272727,70.7054318181818,99.9080681818182,1.12533586073483,18.1117424242424,12,16,1008.5,16.6,1.8875,3.3
194,2012,7,12,2012-07-12,5.63436363636364,11.4704431818182,8.4390625,5.83607954545455,69.6368409090909,97.3034659090909,1.0134097783574,12.3958333333333,12,8,1009.5,5.2,1.89166666666667,2.6
195,2012,7,13,2012-07-13,4.65564772727273,10.1997954545455,7.31301704545455,5.54414772727273,66.8885681818182,95.90725,1.05028867720924,13.7727272727273,12,14,1011.1,1.8,1.875,2.4
196,2012,7,14,2012-07-14,6.48989772727273,12.1605681818182,9.32401136363636,5.67067045454545,85.9474318181818,93.6997954545455,1.33476405193302,7.92234848484849,4,8,1011.6,0,1.84583333333333,2.5
197,2012,7,15,2012-07-15,7.08056818181818,11.8610909090909,9.72260795454545,4.78052272727273,89.6325795454545,99.3626818181818,1.50057587923268,13.4128787878788,3,2,1012,13,0.508333333333333,2.3
198,2012,7,16,2012-07-16,9.06968181818182,13.601,11.37925,4.53131818181818,32.7355454545455,99.9609204545455,1.51945855359164,23.6363636363636,6,6,1013.1,0.2,0.625,2.5
199,2012,7,17,2012-07-17,7.93370454545455,18.8428409090909,13.3793920454545,10.9091363636364,22.4652045454545,99.8702727272727,0.964128747069345,18.0909090909091,8,8,1010.8,0,2.06666666666667,3.3
200,2012,7,18,2012-07-18,10.3841704545455,22.5190568181818,16.4339034090909,12.1348863636364,26.3055681818182,80.3183863636364,1.24098691912667,1.2594696969697,7,4,1001.9,0,2.06666666666667,3.1
201,2012,7,19,2012-07-19,14.2091704545455,21.5970113636364,17.8587897727273,7.38784090909091,80.9168977272727,45.4412045454545,1.28440313666109,0.657196969696969,10,5,994.4,0,2.525,5.5
202,2012,7,20,2012-07-20,9.77503409090909,11.8347159090909,10.6701420454545,2.05968181818182,84.2211704545455,99.1767954545455,1.24874884992255,12.5643939393939,3,2,995.1,35.2,2.86666666666667,5.6
203,2012,7,21,2012-07-21,8.521375,10.7304318181818,9.72271590909091,2.20905681818182,76.1551818181818,99.7791590909091,1.21789708873475,22.4981060606061,3,2,996.4,39.2,2.85833333333333,5.3
204,2012,7,22,2012-07-22,5.09703409090909,12.3731931818182,8.84010227272727,7.27615909090909,47.8536136363636,99.5112272727273,1.14460625303588,18.8712121212121,7,2,1006.1,3.8,1.36666666666667,3.2
205,2012,7,23,2012-07-23,5.42763636363636,14.3360795454545,9.80998863636364,8.90844318181818,50.4182386363636,94.9239772727273,1.32237349569995,6.72159090909091,8,7,1005.1,0,1.49166666666667,2.2
206,2012,7,24,2012-07-24,7.31585227272727,15.2074204545455,11.1519772727273,7.89156818181818,40.7443977272727,95.5311704545455,1.19808921240352,8.41666666666667,4,8,1006.7,0,1.03333333333333,2.4
207,2012,7,25,2012-07-25,8.00348863636364,19.8550454545455,13.8598011363636,11.8515568181818,61.0423522727273,95.3058295454545,1.37189317311179,6.10984848484849,3,4,1005.2,0,1.61666666666667,2.5
208,2012,7,26,2012-07-26,8.35413636363636,15.7582272727273,12.3055284090909,7.40409090909091,72.3802272727273,98.1122386363636,1.27257888147629,7.36174242424242,3,2,1005.6,16.2,2.11666666666667,3.7
209,2012,7,27,2012-07-27,6.26575,13.4162840909091,9.87530681818182,7.15053409090909,50.1816363636364,99.1960681818182,1.16884807271806,16.6363636363636,4,4,1012,0.2,1.96666666666667,2.9
210,2012,7,28,2012-07-28,7.65671590909091,14.2848977272727,10.8109318181818,6.62818181818182,35.1064545454545,93.4038636363636,1.01284397113138,7.44318181818182,3,4,1009.3,0,2.64583333333333,4.2
211,2012,7,29,2012-07-29,6.71078409090909,19.3235568181818,13.1922329545455,12.6127727272727,29.8104659090909,86.1258181818182,1.19984381893501,1.96590909090909,6,2,1003.6,0,2.15416666666667,2.9
212,2012,7,30,2012-07-30,8.81343181818182,20.8934545454545,14.7649545454545,12.0800227272727,69.4181704545455,66.1381704545455,1.18070372891675,1.34090909090909,4,12,999,0,2.03333333333333,4.2
213,2012,7,31,2012-07-31,6.94978409090909,11.3590795454545,9.149875,4.40929545454545,46.2293295454545,99.2780113636364,1.00364324723972,9.83901515151515,7,3,1003.4,7.4,2.47916666666667,4.4
214,2012,8,1,2012-08-01,5.09270454545455,11.913125,8.63144886363636,6.82042045454545,31.5899659090909,97.5284886363636,1.02316925788397,11.9526515151515,6,2,1007.7,0.4,1.7125,2.7
215,2012,8,2,2012-08-02,4.47793181818182,18.8259318181818,11.6295227272727,14.348,69.9175568181818,90.1236363636364,1.14771453139272,3.18181818181818,7,7,999.7,0,2.19583333333333,2.9
216,2012,8,3,2012-08-03,6.37306818181818,11.5722613636364,8.81671590909091,5.19919318181818,69.4105909090909,98.4074545454545,1.31692804584449,9.04924242424243,16,16,1000.6,0,1.22916666666667,4.2
217,2012,8,4,2012-08-04,6.20918181818182,14.6424772727273,10.4732954545455,8.43329545454545,76.2166818181818,97.4593295454546,1.24640350060368,9.66856060606061,2,2,1001.6,0,1.05416666666667,2.1
218,2012,8,5,2012-08-05,7.23585227272727,13.0092727272727,10.1976931818182,5.77342045454545,68.3283181818182,99.4878522727273,1.07744557503605,15.0132575757576,5,5,1000.7,13.2,1.5875,2.9
219,2012,8,6,2012-08-06,4.44545454545455,9.82869318181818,7.20342045454545,5.38323863636364,83.2354545454545,99.5732727272727,1.26419160424907,17.1628787878788,3,4,1005.5,8.6,2.65,3.9
220,2012,8,7,2012-08-07,4.93553409090909,12.5767159090909,8.69309090909091,7.64118181818182,74.786,99.3830454545455,1.34613766577804,14.6155303030303,NA,NA,1010.6,0.6,2.1875,3
221,2012,8,8,2012-08-08,8.50102272727273,14.8725681818182,11.5598522727273,6.37154545454545,64.1677613636364,98.4912272727273,1.24037456791752,17.8162878787879,3,3,1007.4,0,1.92083333333333,2.7
222,2012,8,9,2012-08-09,5.81,14.4451136363636,10.2581022727273,8.63511363636364,77.6280568181818,97.1366818181818,1.19073599568023,11.9981060606061,7,3,998.5,0,1.97916666666667,2.9
223,2012,8,10,2012-08-10,6.53826136363636,11.6654204545455,9.12103409090909,5.12715909090909,87.2490909090909,97.3196818181818,1.12412373591293,10.1496212121212,7,6,992.5,26.6,2.86666666666667,6.1
224,2012,8,11,2012-08-11,4.82664772727273,9.25142045454546,7.02879545454545,4.42477272727273,79.0508522727273,99.82425,1.23015866866368,21.4753787878788,11,6,986.4,52,3.5625,5.1
225,2012,8,12,2012-08-12,5.33297727272727,12.7541704545455,9.00008522727273,7.42119318181818,46.6925113636364,99.2102954545455,1.16652710210954,18.3579545454545,11,10,1004.4,2.2,1.7625,2.7
226,2012,8,13,2012-08-13,6.32218181818182,17.0111363636364,11.5888636363636,10.6889545454545,77.6359659090909,95.8080113636364,1.12015698171372,8.96212121212121,8,10,995.9,0,1.49583333333333,2.1
227,2012,8,14,2012-08-14,7.24346590909091,10.1847840909091,8.88318181818182,2.94131818181818,84.8658636363636,98.5430227272727,1.15661751354088,8.65151515151515,4,4,988.1,14.8,3.27083333333333,4.6
228,2012,8,15,2012-08-15,6.27540909090909,10.7504090909091,8.45324431818182,4.475,78.7613636363636,99.4765454545455,1.14649039128706,21.4715909090909,7,3,994.8,22.4,2.80833333333333,4.8
229,2012,8,16,2012-08-16,5.63168181818182,10.9524886363636,8.33784659090909,5.32080681818182,59.4569431818182,99.7391931818182,1.13153629349764,19.1325757575758,11,11,1006,15,2.45416666666667,3.8
230,2012,8,17,2012-08-17,4.12296590909091,13.8291931818182,8.89342613636364,9.70622727272727,53.8298636363636,97.9935227272727,1.17309241840775,14.7234848484848,11,11,1007.1,0.4,1.53333333333333,2.7
231,2012,8,18,2012-08-18,4.37339772727273,15.8059886363636,10.0774545454545,11.4325909090909,69.5309886363636,94.0396477272727,1.09253347229922,5.60984848484849,13,10,997.3,0,1.825,2.8
232,2012,8,19,2012-08-19,5.17485227272727,11.6247159090909,8.33745454545454,6.44986363636364,62.3756363636364,95.9481590909091,1.07174720623794,9.64583333333333,12,12,996.3,29.2,2.20416666666667,4.9
233,2012,8,20,2012-08-20,5.21280681818182,12.4176136363636,8.90336363636364,7.20480681818182,72.1750909090909,99.5450795454545,1.13630523634099,15.8806818181818,11,10,1002.5,4.6,1.80833333333333,3.7
234,2012,8,21,2012-08-21,5.95527272727273,11.5103068181818,8.74264772727273,5.55503409090909,74.7331590909091,94.7415681818182,1.23449150069264,6.56060606060606,15,10,1003.7,9,1.77083333333333,3.3
235,2012,8,22,2012-08-22,5.942125,12.4390795454545,9.06890340909091,6.49695454545455,52.3426136363636,99.2167159090909,1.14688306267532,20.4147727272727,15,14,1005.7,2.6,1.08333333333333,2.2
236,2012,8,23,2012-08-23,4.46901136363636,15.2131136363636,9.72688068181818,10.7441022727273,38.3819431818182,97.3611818181818,1.20084287274267,9.89393939393939,12,16,1000.9,0,1.85416666666667,2.6
237,2012,8,24,2012-08-24,4.82978409090909,16.772875,10.9999545454545,11.9430909090909,83.6285681818182,95.2566590909091,1.26004202340677,6.64393939393939,11,7,996.2,0,1.70416666666667,3.8
238,2012,8,25,2012-08-25,7.18754545454545,11.0832727272727,9.051,3.89572727272727,91.9273409090909,99.2832045454546,1.2663481885542,12.8352272727273,15,10,996.8,41.2,3.4875,6.4
239,2012,8,26,2012-08-26,7.88280681818182,11.1547045454545,9.59952272727273,3.27189772727273,55.4850795454545,99.5894090909091,1.46307247128674,21.9810606060606,15,14,1007.1,7.6,2.17083333333333,4.2
240,2012,8,27,2012-08-27,8.61375,17.0626818181818,12.8415852272727,8.44893181818182,39.9595,99.008625,1.47856187964085,18.5284090909091,8,8,1005.4,0,1.52083333333333,2.8
241,2012,8,28,2012-08-28,8.46676136363636,19.8242727272727,14.1615340909091,11.3575113636364,67.0576363636364,96.1432159090909,1.21746679808884,5.79545454545455,12,8,996.9,0,1.44166666666667,2.8
242,2012,8,29,2012-08-29,8.65278409090909,14.0043409090909,11.3317556818182,5.35155681818182,61.9308522727273,98.0265113636364,1.25709720962641,11.8636363636364,15,11,999.3,0,1.72083333333333,3.5
243,2012,8,30,2012-08-30,8.545,16.4231931818182,12.3658522727273,7.87819318181818,81.1830568181818,94.3395340909091,1.28729436436502,6.93371212121212,8,12,997.5,0,1.58333333333333,2.4
244,2012,8,31,2012-08-31,8.43623863636364,11.7757840909091,10.0859261363636,3.33954545454545,60.4588409090909,98.7694659090909,1.13568531974439,14.0227272727273,4,4,992.6,38.2,3.34583333333333,4.6
245,2012,9,1,2012-09-01,5.14407954545455,14.3481363636364,9.64671590909091,9.20405681818182,54.9842613636364,98.2279545454546,1.10497944485547,12.9829545454545,10,10,1006.8,5.8,2.34166666666667,3.2
246,2012,9,2,2012-09-02,4.44895454545455,15.0852159090909,9.72419886363636,10.6362613636364,58.3760795454545,89.6375681818182,1.07752921850907,4.42992424242424,7,7,1007.7,0,2.15,2.8
247,2012,9,3,2012-09-03,6.853625,12.608125,9.86940340909091,5.7545,45.0199772727273,98.2018863636364,1.14807481738393,11.2765151515152,11,10,1009,0.4,1.97916666666667,3.1
248,2012,9,4,2012-09-04,5.42003409090909,18.0786477272727,11.8700397727273,12.6586136363636,49.9868863636364,94.5988295454545,1.31318638042439,6.86174242424242,11,7,1003.4,0,2.1125,3.3
249,2012,9,5,2012-09-05,6.99114772727273,18.0905795454545,12.4882784090909,11.0994318181818,42.5503863636364,89.3056818181818,1.38493220496893,2.33522727272727,15,14,1005.4,0,1.8125,2.6
250,2012,9,6,2012-09-06,9.18103409090909,22.3241136363636,15.6749772727273,13.1430795454545,41.3603636363636,95.9644090909091,1.43606983533731,9.34469696969697,15,15,1007.6,0,2.025,2.9
251,2012,9,7,2012-09-07,11.5672159090909,20.880375,16.0744090909091,9.31315909090909,59.29725,83.7637727272727,1.43545724873613,1.07007575757576,16,15,1001.4,0,1.72083333333333,2.5
252,2012,9,8,2012-09-08,7.69352272727273,18.3983295454545,13.2865738636364,10.7048068181818,83.1673295454545,97.4513636363636,1.31955121834372,10.1060606060606,12,16,999.3,0,1.35833333333333,2.3
253,2012,9,9,2012-09-09,8.33710227272727,12.5343068181818,10.3539034090909,4.19720454545455,72.8315568181818,99.134875,1.35978549114722,16.9223484848485,12,12,996.7,16.6,2.60833333333333,4.3
254,2012,9,10,2012-09-10,8.680375,15.6661818181818,11.9813920454545,6.98580681818182,44.8868409090909,97.9687045454545,1.51313497408284,16.8598484848485,12,10,1003.4,12,2.225,3.5
255,2012,9,11,2012-09-11,7.27768181818182,20.2298522727273,13.5824261363636,12.9521704545455,42.322,96.7740795454545,1.50807785740381,14.0018939393939,12,12,1002.3,0,1.5875,2.2
256,2012,9,12,2012-09-12,9.73668181818182,21.414625,15.8804261363636,11.6779431818182,79.7427272727273,95.649875,1.47259160578083,5.82765151515152,7,8,996.8,0,2.1625,4.9
257,2012,9,13,2012-09-13,9.51039772727273,13.2393522727273,11.4828181818182,3.72895454545455,54.6378977272727,99.5535340909091,1.40801920349365,20.7897727272727,7,6,1005.8,7.6,1.44583333333333,2.5
258,2012,9,14,2012-09-14,7.982375,18.2591022727273,13.1032670454545,10.2767272727273,34.2609204545455,97.4478522727273,1.32332992268157,11.8522727272727,7,6,1007.8,0,2.175,2.5
259,2012,9,15,2012-09-15,10.1115227272727,25.3844659090909,17.8218977272727,15.2729431818182,24.7663977272727,90.4140340909091,1.36863281186506,3.47348484848485,8,7,1003.7,0,1.95,3.1
260,2012,9,16,2012-09-16,13.5907727272727,30.0842386363636,21.8658068181818,16.4934659090909,60.5205340909091,60.7239090909091,1.47141980413408,1.23295454545455,7,8,996.5,0,1.875,3.3
261,2012,9,17,2012-09-17,9.28039772727273,18.3770227272727,13.8023693181818,9.096625,76.3648181818182,97.9453295454545,1.35410783044978,9.09280303030303,7,7,997.4,0,0.991666666666667,3
262,2012,9,18,2012-09-18,8.99404545454546,14.1434431818182,11.581375,5.14939772727273,58.2084886363636,99.2722613636364,1.33337786005339,14.4393939393939,7,7,999.4,3.2,2.375,4
263,2012,9,19,2012-09-19,8.61609090909091,17.1883863636364,12.7997613636364,8.57229545454545,56.3176477272727,94.4959772727273,1.32903636440072,9.54166666666667,7,3,1000.8,0.4,2.14166666666667,5.2
264,2012,9,20,2012-09-20,6.97306818181818,15.9215795454545,11.2751534090909,8.94851136363636,81.1495340909091,98.4889772727273,1.33731796653417,10.8863636363636,11,7,993.4,0,3.125,5.3
265,2012,9,21,2012-09-21,7.48671590909091,12.3107727272727,10.1112102272727,4.82405681818182,72.0578409090909,99.7496136363636,1.2574654673108,19.1969696969697,12,11,996.1,34.6,2.25,4.9
266,2012,9,22,2012-09-22,5.87580681818182,14.1181022727273,10.0058579545455,8.24229545454545,86.0120681818182,98.2957045454545,1.37811236409879,14.3011363636364,11,11,1002.8,2,1.90416666666667,3.2
267,2012,9,23,2012-09-23,7.37171590909091,12.2749431818182,9.85607954545454,4.90322727272727,57.8023977272727,99.4217954545455,1.56587624134225,13.5795454545455,7,7,1000.6,30.6,3.275,4.5
268,2012,9,24,2012-09-24,9.63765909090909,17.0808522727273,13.4125795454545,7.44319318181818,40.3894772727273,99.8163181818182,1.67471015896142,20.7518939393939,7,7,1003.8,1.8,1.44166666666667,2.5
269,2012,9,25,2012-09-25,8.03744318181818,23.6778977272727,15.7208522727273,15.6404545454545,76.4400113636364,98.9031363636364,1.50206339763661,11.7518939393939,10,11,997.9,0,1.425,2.4
270,2012,9,26,2012-09-26,10.1693863636364,15.8730681818182,12.8995,5.70368181818182,78.8848636363636,98.7550227272727,1.40514055279536,14.4962121212121,11,12,993.5,26.4,1.49583333333333,3.7
271,2012,9,27,2012-09-27,8.17346590909091,14.6670568181818,11.4872443181818,6.49359090909091,69.6991477272727,99.8570113636364,1.31797078535519,19.7007575757576,15,11,995.6,13.2,2.5,4.2
272,2012,9,28,2012-09-28,6.89925,14.6181136363636,10.9133352272727,7.71886363636364,72.13225,99.5928977272727,1.19237836381825,19.1193181818182,15,14,1003.2,6.4,2.05833333333333,3.1
273,2012,9,29,2012-09-29,7.06568181818182,13.2079090909091,10.0935284090909,6.14222727272727,67.7960227272727,94.9641704545455,1.45543901818023,8.8219696969697,11,15,1004.4,0.8,1.99166666666667,3.3
274,2012,9,30,2012-09-30,8.54771590909091,18.2514886363636,13.4320909090909,9.70377272727273,58.8712159090909,97.2350227272727,1.59888498837994,12.6931818181818,11,11,1002.6,0,1.85,5.1
275,2012,10,1,2012-10-01,9.59693181818182,19.8087045454545,14.6767329545455,10.2117727272727,57.8107159090909,99.1865340909091,1.50085733276121,14.4488636363636,12,15,999.6,0,1.80416666666667,3.6
276,2012,10,2,2012-10-02,8.02215909090909,18.7874090909091,13.4629715909091,10.76525,81.825375,98.4095681818182,1.4046092576047,12.1401515151515,16,16,999.1,0,2.375,4.1
277,2012,10,3,2012-10-03,9.23296590909091,13.5886931818182,11.3405852272727,4.35572727272727,79.204875,98.4165568181818,1.39214953366139,12.6818181818182,16,15,998,11.2,2.475,4.2
278,2012,10,4,2012-10-04,7.50017045454545,14.1239545454545,10.8374545454545,6.62378409090909,60.6223409090909,99.49275,1.17852958204016,19.1117424242424,15,16,1000.9,5,1.74166666666667,3.2
279,2012,10,5,2012-10-05,4.90886363636364,15.6104318181818,10.2156647727273,10.7015681818182,50.74525,98.7657954545455,1.17809923103114,11.7102272727273,15,15,1002.2,0.4,1.9875,2.9
280,2012,10,6,2012-10-06,6.142875,16.6408295454545,11.3610227272727,10.4979545454545,61.7706704545455,90.6384772727273,1.23132525681482,4.62310606060606,15,15,1000.9,4.4,1.70416666666667,2.5
281,2012,10,7,2012-10-07,7.20020454545455,14.0410454545455,10.5464261363636,6.84084090909091,60.1159204545455,98.1267727272727,1.3333693608336,9.9375,14,15,1005.3,2.4,1.78333333333333,2.8
282,2012,10,8,2012-10-08,7.52136363636364,16.9850568181818,12.3021079545455,9.46369318181818,85.3184090909091,92.9093977272727,1.35186755038866,6.54356060606061,11,16,1003.6,0.2,2.22916666666667,3.2
283,2012,10,9,2012-10-09,10.0707727272727,12.7005795454545,11.3230568181818,2.62980681818182,67.9882045454546,99.3965340909091,1.33692162600401,21.2651515151515,15,15,1000.8,0,1.9875,2.5
284,2012,10,10,2012-10-10,7.78888636363636,16.356125,12.209375,8.56723863636364,49.3238068181818,97.822875,1.34168273862153,15.2670454545455,7,4,1003.4,0,2.00416666666667,2.7
285,2012,10,11,2012-10-11,7.90168181818182,19.181875,13.3657897727273,11.2801931818182,53.2499545454545,94.450875,1.55956193177414,7.25568181818182,7,7,1005,0,2.24166666666667,3.2
286,2012,10,12,2012-10-12,8.52344318181818,20.3860909090909,14.5281534090909,11.8626477272727,54.6165,96.5703636363636,1.44138961604521,9.00189393939394,7,7,1005,0,1.825,2.6
287,2012,10,13,2012-10-13,9.47440909090909,19.1014659090909,14.2618977272727,9.62705681818182,62.0563409090909,98.4836590909091,1.59814743000471,10.2159090909091,7,7,1003.3,0,2.20416666666667,3.2
288,2012,10,14,2012-10-14,10.1121136363636,20.2270568181818,15.4210454545455,10.1149431818182,90.0897045454546,97.6654431818182,1.45329409049777,13.3503787878788,11,7,998.5,0,2.45,3
289,2012,10,15,2012-10-15,10.06075,13.0954545454545,11.4737727272727,3.03470454545455,68.264,99.2320568181818,1.86576122972941,21.0757575757576,11,14,1000.4,0,2.2375,2.8
290,2012,10,16,2012-10-16,10.7526477272727,22.3065227272727,16.5212670454545,11.553875,88.4518181818182,99.1379204545455,1.71227378716184,18.0681818181818,NA,NA,999.1,0,2.44166666666667,3.3
291,2012,10,17,2012-10-17,12.7571136363636,15.9762727272727,14.3343465909091,3.21915909090909,69.6163409090909,99.2816931818182,1.66083835020528,17.7973484848485,16,15,998.9,0,2.32083333333333,2.7
292,2012,10,18,2012-10-18,12.1000454545455,18.6673522727273,15.2827215909091,6.56730681818182,81.2311022727273,98.4916704545455,1.34491035606254,18.7689393939394,16,16,997.2,6.8,2.54583333333333,5
293,2012,10,19,2012-10-19,5.36396590909091,12.2568636363636,8.63107386363636,6.89289772727273,72.1024431818182,98.7900340909091,1.5331152987957,18.3693181818182,16,16,1000.3,18,2.57083333333333,4.2
294,2012,10,20,2012-10-20,7.82810227272727,17.2845681818182,12.5954602272727,9.45646590909091,87.1278977272727,99.1260568181818,1.50132853161298,17.0681818181818,16,16,1004.4,0,2.11666666666667,3.1
295,2012,10,21,2012-10-21,10.7349318181818,14.2239318181818,12.7405056818182,3.489,75.2666136363636,99.2476363636364,1.51647104619186,20.3541666666667,16,16,1002.2,0,1.74583333333333,2.6
296,2012,10,22,2012-10-22,10.4000227272727,17.0735681818182,13.5590568181818,6.67354545454545,60.8244090909091,98.5259431818182,1.60327050759573,18.5246212121212,16,12,1005.1,0,1.98333333333333,2.8
297,2012,10,23,2012-10-23,10.6717840909091,20.2342613636364,15.3338295454545,9.56247727272727,29.314625,96.2432272727273,1.46139632363759,12.0871212121212,15,16,1003.5,0,2.52916666666667,3.5
298,2012,10,24,2012-10-24,11.1281022727273,26.6631818181818,19.1512670454545,15.5350795454545,37.0528636363636,93.6909431818182,1.60713024562712,5.74242424242424,16,15,996.7,0,2.375,3.6
299,2012,10,25,2012-10-25,13.2231363636364,23.0256136363636,18.1031136363636,9.80247727272727,67.6760795454545,80.6565,1.53020524651967,1.33333333333333,12,12,994,0,2.52083333333333,5.5
300,2012,10,26,2012-10-26,10.1189431818182,15.0529772727273,12.5054715909091,4.93403409090909,38.1248863636364,99.353875,1.54938396072107,17.7007575757576,7,8,1001.6,4.4,1.44583333333333,2.3
301,2012,10,27,2012-10-27,8.79323863636364,24.3234431818182,16.4703181818182,15.5302045454545,49.2213181818182,94.2606022727273,1.67209034778272,7.33333333333333,11,7,998.7,0,2.01666666666667,3.2
302,2012,10,28,2012-10-28,12.0818636363636,23.3212954545455,17.5321704545455,11.2394318181818,82.2909659090909,88.4102954545454,1.58129978737523,4.70833333333333,14,10,999.6,0,2.05,3.1
303,2012,10,29,2012-10-29,12.6638181818182,16.1387159090909,14.5438953488372,3.47489772727273,70.6183863636364,98.2606590909091,1.56241275540454,16.7210639537767,15,15,1004.3,0,2.325,3.5
304,2012,10,30,2012-10-30,11.3827045454545,17.8773522727273,14.632273255814,6.49464772727273,48.0037159090909,97.6132727272727,1.48484889082749,15.1398915478461,16,16,1006.5,0,2.35416666666667,4
305,2012,10,31,2012-10-31,11.074,22.0142272727273,16.4881761363636,10.9402272727273,32.2655,94.4728295454545,1.36457291469657,7.17234848484848,16,16,1003.8,0,2.80833333333333,3.2
306,2012,11,1,2012-11-01,11.0524090909091,25.3514204545455,18.3031079545455,14.2990113636364,24.7870909090909,91.710375,1.44902986963801,4.30871212121212,11,11,1000.9,0,2.475,3.5
307,2012,11,2,2012-11-02,13.9174204545455,29.4966477272727,21.4877235294118,15.5792272727273,50.4842840909091,72.4706931818182,1.5973761693023,0.678030303030304,8,8,995.3,0,1.475,2.9
308,2012,11,3,2012-11-03,11.7871136363636,22.6509659090909,17.5155170454545,10.8638522727273,50.0963409090909,90.7304659090909,1.54550172893393,4.72916666666667,3,2,994.1,0,0.704166666666667,2
309,2012,11,4,2012-11-04,10.3239090909091,21.308875,15.6430681818182,10.9849659090909,54.0562954545455,97.8797954545455,1.68430338968719,10.2121212121212,15,10,996.5,0,0.995833333333333,2.3
310,2012,11,5,2012-11-05,10.7840227272727,22.1468977272727,16.3821306818182,11.362875,54.1127727272727,93.6842840909091,1.76992023812729,7.51136363636364,12,12,997.6,0,1.44166666666667,2.2
311,2012,11,6,2012-11-06,12.0253409090909,23.1527727272727,17.6531818181818,11.1274318181818,63.6116477272727,96.8888977272727,1.5909844036877,9.16287878787879,10,7,1001.2,0,1.55,3.1
312,2012,11,7,2012-11-07,11.5839318181818,18.3272045454545,15.1487215909091,6.74327272727273,35.2815340909091,97.3301363636364,1.50725878597075,11.6268939393939,14,14,1003.6,0,2.67916666666667,3.7
313,2012,11,8,2012-11-08,11.9844886363636,26.2968409090909,18.9195113636364,14.3123522727273,32.8899659090909,93.7205340909091,1.66518550001838,5.5094696969697,12,12,997,0,2.44166666666667,3.5
314,2012,11,9,2012-11-09,13.4092954545455,24.2574431818182,18.8105909090909,10.8481477272727,27.4712159090909,81.1028181818182,1.69022922954534,0.494318181818182,4,8,994.7,0,1.85416666666667,2.6
315,2012,11,10,2012-11-10,11.2352159090909,26.8711931818182,19.0470340909091,15.6359772727273,35.5572727272727,93.9909318181818,1.83544404108903,6.2405303030303,15,15,996.3,0,1.79583333333333,2.6
316,2012,11,11,2012-11-11,13.2403068181818,24.1677159090909,18.9159602272727,10.9274090909091,55.4371590909091,92.139125,1.87406816728132,4.57007575757576,16,16,994.5,0,2.0875,4.7
317,2012,11,12,2012-11-12,11.6754772727273,20.3745909090909,16.082375,8.69911363636364,52.0186022727273,98.8603181818182,1.75501172700426,14.0037878787879,12,12,997.2,4.4,1.5,2.9
318,2012,11,13,2012-11-13,9.82493181818182,21.8351931818182,15.7267272727273,12.0102613636364,34.2259204545455,98.2970568181818,1.79244926838262,9.83522727272727,11,8,1002.1,0.2,1.7,2.7
319,2012,11,14,2012-11-14,11.4130227272727,27.9517840909091,19.6177159090909,16.5387613636364,49.2771477272727,96.8698636363636,1.90153144817897,8.15151515151515,12,11,998.4,0,1.68333333333333,2.9
320,2012,11,15,2012-11-15,13.8555454545455,23.070875,18.6567556818182,9.21532954545455,62.3432840909091,92.38875,1.7279296378094,7.6780303030303,11,11,995.8,0,1.60833333333333,4.1
321,2012,11,16,2012-11-16,10.6702159090909,21.4885340909091,16.2633793103448,10.8183181818182,43.3970454545455,97.1324886363636,1.65620097894845,8.03864602640211,7,10,998,4,2.89166666666667,6.9
322,2012,11,17,2012-11-17,10.9401931818182,21.4009772727273,16.0691022727273,10.4607840909091,38.2527727272727,99.052,1.65220667646987,13.0164838035528,3,3,1000.5,1,1.79166666666667,2.6
323,2012,11,18,2012-11-18,10.6602727272727,25.4414318181818,18.1488352272727,14.7811590909091,45.4249090909091,91.4263181818182,1.73832119632181,2.84848484848485,7,3,997.4,0,1.77916666666667,2.9
324,2012,11,19,2012-11-19,11.0454772727273,23.5323409090909,17.3770681818182,12.4868636363636,78.67275,95.2176136363636,1.76628039937946,7.80113636363637,7,7,997.2,0,1.59583333333333,2.3
325,2012,11,20,2012-11-20,12.933,17.0427045454545,15.1251363636364,4.10970454545455,52.9901363636364,99.320875,1.3439434273082,14.1799242424242,7,7,998.6,5.8,1.74166666666667,3
326,2012,11,21,2012-11-21,9.375875,18.6434886363636,13.7079659090909,9.26761363636364,50.5681136363636,99.0993295454546,1.31969326621618,11.1666666666667,11,10,1003.7,0,2.31666666666667,3.1
327,2012,11,22,2012-11-22,10.2419659090909,19.8510681818182,14.6839147727273,9.60910227272727,47.9710454545455,88.8442727272727,1.49966095177749,3.43371212121212,12,12,999.8,0,2.85416666666667,3.6
328,2012,11,23,2012-11-23,10.431375,22.8828409090909,16.6309659090909,12.4514659090909,68.1524886363636,92.2646818181818,1.31686029673123,5.01515151515152,12,12,992.2,0,2.87083333333333,4.3
329,2012,11,24,2012-11-24,8.26386363636364,13.1776818181818,11.1454090909091,4.91381818181818,51.9825340909091,99.1509204545455,1.23839698608754,11.5416666666667,15,14,994.9,23,2.67083333333333,4.5
330,2012,11,25,2012-11-25,6.87625,18.0575909090909,12.414375,11.1813409090909,50.2521022727273,94.3874545454545,1.40937743761965,7.11174242424242,12,16,1006.6,0.2,2.18333333333333,3.4
331,2012,11,26,2012-11-26,8.38706818181818,20.1853295454545,14.1801306818182,11.7982613636364,34.7136477272727,93.9802954545455,1.63548149246578,4.52083333333333,10,10,1006.9,0,2.27916666666667,2.8
332,2012,11,27,2012-11-27,11.4129886363636,29.8115568181818,20.2424204545455,18.3985681818182,44.0635454545455,95.8200795454545,1.83724806556212,5.83712121212121,12,10,1001.2,0,2.075,3
333,2012,11,28,2012-11-28,15.4452840909091,26.3606704545455,21.0548068181818,10.9153863636364,80.89675,85.4079090909091,1.76479850759796,2.50189393939394,8,8,998.1,0,2.39583333333333,3.6
334,2012,11,29,2012-11-29,13.266625,17.8604772727273,15.8364772727273,4.59385227272727,60.4187840909091,97.922,1.51292000742202,17.3371212121212,3,3,999.6,0,2.59166666666667,3.4
335,2012,11,30,2012-11-30,12.3751931818182,20.688875,16.3839034090909,8.31368181818182,40.5131704545455,96.9909204545455,1.70026158108959,12.7746212121212,6,2,1000.2,0,2.85833333333333,4.1
336,2012,12,1,2012-12-01,12.8230795454545,28.9584772727273,20.6240681818182,16.1353977272727,63.5899772727273,88.3292727272727,1.76760378556435,2.77462121212121,3,3,992.3,0,1.925,3.3
337,2012,12,2,2012-12-02,14.9947840909091,22.3982045454545,18.8671704545455,7.40342045454545,74.6665909090909,90.0293068181818,1.86972551028455,3.53977272727273,2,2,992.6,0,4.2375,7.6
338,2012,12,3,2012-12-03,13.2156136363636,20.2713636363636,16.8004886363636,7.05575,56.0927840909091,98.4946818181818,1.59168999277956,16.1742424242424,4,4,997.4,0.2,1.05833333333333,4.2
339,2012,12,4,2012-12-04,12.7539772727273,20.4918409090909,16.5304829545455,7.73786363636364,59.0042159090909,97.6729204545455,1.62060439628267,13.7727272727273,5,6,998.8,0,1.73333333333333,3.2
340,2012,12,5,2012-12-05,11.4202954545455,21.3716931818182,16.3567613636364,9.95139772727273,49.4211818181818,94.999625,1.77912156422875,8.50189393939394,14,13,996.6,0,2.49166666666667,3.2
341,2012,12,6,2012-12-06,12.89375,26.4353068181818,19.3497102272727,13.5415568181818,72.4791363636364,92.7257159090909,2.14480014164698,5.24242424242424,14,14,995.1,0,1.8,3
342,2012,12,7,2012-12-07,14.5969545454545,22.7686363636364,18.4854318181818,8.17168181818182,73.174875,97.9270454545454,2.16819013109089,15.6912878787879,14,14,998.8,1.6,1.35416666666667,2.6
343,2012,12,8,2012-12-08,15.5403863636364,23.2195227272727,19.2826363636364,7.67913636363636,63.3426590909091,98.1213977272727,2.05497252265337,18.0359848484848,14,14,999.1,0,2.40833333333333,3.4
344,2012,12,9,2012-12-09,14.2904431818182,24.7233409090909,19.5406875,10.4328977272727,65.2792159090909,97.5416704545455,1.94105056245404,13.3219696969697,14,13,995.1,0,2.56666666666667,3.5
345,2012,12,10,2012-12-10,14.5545454545455,22.7465795454545,18.7328295454545,8.19203409090909,52.3784318181818,96.91725,1.86124603772297,12.0227272727273,2,2,997.6,0,2.55833333333333,3.1
346,2012,12,11,2012-12-11,14.0304659090909,25.6588181818182,19.9495227272727,11.6283522727273,40.3209090909091,96.5004886363636,1.93035164129743,10.8276515151515,6,5,999.5,0,2.57916666666667,3.7
347,2012,12,12,2012-12-12,14.7806704545455,31.6760909090909,22.9115795454545,16.8954204545455,42.1423636363636,92.8018295454546,2.03480717086309,6.63257575757576,4,5,995.9,0,1.90833333333333,2.9
348,2012,12,13,2012-12-13,17.7891363636364,30.6109318181818,24.3231875,12.8217954545455,42.2178977272727,84.0255454545455,2.21364651310409,2.84090909090909,6,4,994,0,2.075,3.3
349,2012,12,14,2012-12-14,17.2592386363636,32.5073181818182,24.7449659090909,15.2480795454545,64.6364659090909,91.2749090909091,2.22209067632078,2.68560606060606,10,14,992.9,0,1.28333333333333,2.3
350,2012,12,15,2012-12-15,17.2497727272727,24.5525454545455,21.0324772727273,7.30277272727273,49.8151818181818,94.6359090909091,2.18833096186618,8.97727272727273,14,14,995.2,0,1.54583333333333,2.6
351,2012,12,16,2012-12-16,15.7213522727273,30.7288068181818,23.1517954545455,15.0074545454545,55.8538863636364,96.2470113636364,2.0484679493979,9.30492424242424,16,16,994.2,0,1.5125,2.6
352,2012,12,17,2012-12-17,16.0068977272727,24.3057840909091,20.2709659090909,8.29888636363636,37.4399431818182,93.8191022727273,2.02101505845954,5.54924242424242,8,8,996.6,0,1.91666666666667,3.6
353,2012,12,18,2012-12-18,14.8445568181818,32.0682272727273,23.4427840909091,17.2236704545455,47.7840909090909,96.7700909090909,2.16953953664187,8.93371212121213,8,8,992.9,0,1.90833333333333,2.7
354,2012,12,19,2012-12-19,15.5746136363636,25.7803409090909,20.9665454545455,10.2057272727273,40.3066704545455,96.5464772727273,2.04532974516389,7.01136363636364,3,4,994.3,0,1.9125,2.8
355,2012,12,20,2012-12-20,14.5854772727273,29.2795909090909,21.7074943181818,14.6941136363636,32.7389659090909,98.2660340909091,1.99122760670656,12.1931818181818,6,6,994.1,0,2.1625,2.6
356,2012,12,21,2012-12-21,17.8952272727273,33.4481022727273,25.7227613636364,15.552875,31.0145340909091,78.6305113636364,1.91950833852146,0.973484848484849,14,14,990.6,0,1.39166666666667,2.7
357,2012,12,22,2012-12-22,13.9684772727273,27.9756363636364,21.2541875,14.0071590909091,30.6101818181818,95.30725,2.06064619676775,4.56818181818182,16,14,993.3,0,1.19166666666667,2.2
358,2012,12,23,2012-12-23,14.4611704545455,30.5157272727273,22.4996590909091,16.0545568181818,65.3078068181818,92.6084659090909,2.14476460024774,4.81439393939394,10,9,992.5,0,1.69166666666667,2.4
359,2012,12,24,2012-12-24,16.3458068181818,22.9172840909091,19.6893806818182,6.57147727272727,49.951625,98.8761818181818,2.10556397009303,9.75,3,5,993.7,1,2.70416666666667,6.9
360,2012,12,25,2012-12-25,14.3914659090909,26.465,20.4568011363636,12.0735340909091,34.3392613636364,98.9665909090909,1.91224686104273,12.0037878787879,3,2,999.2,0,1.53333333333333,3.2
361,2012,12,26,2012-12-26,16.0337764705882,33.6807411764706,24.6719764705882,17.6469647058824,73.1140235294118,95.6251058823529,1.95889319005158,5.25686274509804,4,5,992.4,0,2.2125,3.1
362,2012,12,27,2012-12-27,16.5346144578313,20.659734939759,18.9975843373494,4.12512048192771,56.8370120481928,97.9627228915663,1.78327974211148,6.33534136546185,5,6,991.6,0.2,2.675,4.5
363,2012,12,28,2012-12-28,13.0136829268293,22.9465,17.954262195122,9.93281707317073,62.7235609756098,94.3372804878049,1.97178185155292,9.37195121951219,4,6,994.9,0,2.87083333333333,7.6
364,2012,12,29,2012-12-29,15.268256097561,23.9644390243902,19.5925548780488,8.69618292682927,52.0715365853659,96.0742804878049,2.061261462711,11.6077235772358,4,4,994.3,0,2.51666666666667,5.2
365,2012,12,30,2012-12-30,16.0333536585366,24.9382804878049,20.3828231707317,8.90492682926829,56.8816951219512,99.4707195121951,1.59453769080579,15.1808943089431,2,2,996.8,0,2.09583333333333,4.9
366,2012,12,31,2012-12-31,13.8245243902439,20.2284024390244,17.2099878048781,6.40387804878049,53.3424512195122,92.9343048780488,1.47828662315205,6.30081300813008,2,1,999.2,0,2.44166666666667,3.7
